{"cameraMode":{"drawMode":0,"name":"Shaded","section":"Shading Mode"},"sceneLighting":true,"audioPlay":false,"sceneViewState":{"showFog":true,"showMaterialUpdate":true,"showSkybox":true,"showFlares":true,"showImageEffects":true,"showParticleSystems":true},"in2DMode":false,"pivot":{"x":0.4907485246658325,"y":-9.787220001220704,"z":18.026399612426759},"rotation":{"x":-0.24379248917102815,"y":-0.0184121523052454,"z":0.004543568007647991,"w":-0.9696739315986633},"size":29.883440017700197,"orthographic":false}