{"cameraMode":{"drawMode":0,"name":"Shaded","section":"Shading Mode"},"sceneLighting":true,"audioPlay":false,"sceneViewState":{"showFog":true,"showMaterialUpdate":true,"showSkybox":true,"showFlares":true,"showImageEffects":true,"showParticleSystems":true},"in2DMode":false,"pivot":{"x":-111.27628326416016,"y":-4.757902145385742,"z":347.1212158203125},"rotation":{"x":0.002690419089049101,"y":0.0200334619730711,"z":-0.000021195022782194428,"w":-0.9998237490653992},"size":377.6129455566406,"orthographic":false}