{"cameraMode":{"drawMode":0,"name":"Shaded","section":"Shading Mode"},"sceneLighting":true,"audioPlay":false,"sceneViewState":{"showFog":true,"showMaterialUpdate":true,"showSkybox":true,"showFlares":true,"showImageEffects":true,"showParticleSystems":true},"in2DMode":false,"pivot":{"x":-2.427227258682251,"y":-2.119861125946045,"z":14.989439010620118},"rotation":{"x":0.11986540257930756,"y":-0.05022650584578514,"z":0.006196278613060713,"w":0.9915381669998169},"size":24.953445434570314,"orthographic":false}